"method","path","group","path_parameters","bearer_capable","content_type","source_bundles"
"POST","/api/activity/vote-post/","activity","","True","application/json","71280-498a468da0f5120a.js"
"GET","/api/v2/activity/active-gift/","activity","","True",,"71280-498a468da0f5120a.js"
"GET","/api/v2/activity/notes/","activity","","True",,"71280-498a468da0f5120a.js"
"POST","/api/v2/activity/notes/","activity","","True","application/json","71280-498a468da0f5120a.js"
"DELETE","/api/v2/activity/notes/{note_id}/","activity","note_id","True",,"71280-498a468da0f5120a.js"
"PUT","/api/v2/activity/notes/{note_id}/","activity","note_id","True","application/json","71280-498a468da0f5120a.js"
"GET","/api/v2/activity/partner-gift-reward/","activity","","True",,"71280-498a468da0f5120a.js"
"POST","/api/v2/activity/partner-gift-reward/","activity","","True","application/json","71280-498a468da0f5120a.js"
"POST","/api/v2/activity/vote/","activity","","True","application/json","71280-498a468da0f5120a.js"
"GET","/api/battlepass/current/preview/","battlepass","","True",,"71280-498a468da0f5120a.js"
"GET","/api/v2/battlepass/levels/skip/","battlepass","","True",,"71280-498a468da0f5120a.js"
"POST","/api/v2/battlepass/levels/skip/","battlepass","","True","application/json","71280-498a468da0f5120a.js"
"POST","/api/billing/promo-codes/","billing","","True","application/json","71280-498a468da0f5120a.js"
"DELETE","/api/billing/withdraw/{withdraw_id}/","billing","withdraw_id","True",,"71280-498a468da0f5120a.js"
"GET","/api/v2/billing/coins-exchange/","billing","","True",,"71280-498a468da0f5120a.js"
"POST","/api/v2/billing/coins-exchange/","billing","","True","application/json","71280-498a468da0f5120a.js"
"GET","/api/v2/billing/lightning-balance/","billing","","True",,"71280-498a468da0f5120a.js"
"GET","/api/v2/billing/lightning-payments/","billing","","True",,"71280-498a468da0f5120a.js"
"GET","/api/v2/billing/users/payments/","billing","","True",,"71280-498a468da0f5120a.js"
"POST","/api/v2/billing/withdraw/{withdraw_id}/receipt/","billing","withdraw_id","True","application/json","71280-498a468da0f5120a.js"
"POST","/api/v2/card-gen/generate/","card-gen","","True","application/json","71280-498a468da0f5120a.js"
"GET","/api/v2/card-gen/status/{task_id}/","card-gen","task_id","True",,"71280-498a468da0f5120a.js"
"GET","/api/v2/clubs/","clubs","","True",,"71280-498a468da0f5120a.js"
"POST","/api/v2/clubs/","clubs","","True","application/json","71280-498a468da0f5120a.js"
"POST","/api/v2/clubs/{club_dir}/buy-perk/{perk_id}/","clubs","club_dir,perk_id","True","application/json","71280-498a468da0f5120a.js"
"POST","/api/v2/clubs/{club_dir}/change_ranks/","clubs","club_dir","True","application/json","71280-498a468da0f5120a.js"
"GET","/api/v2/clubs/{club_dir}/fee-history/","clubs","club_dir","True",,"71280-498a468da0f5120a.js"
"GET","/api/v2/clubs/{club_dir}/fee-member/{user_id}/","clubs","club_dir,user_id","True",,"71280-498a468da0f5120a.js"
"PUT","/api/v2/clubs/{club_dir}/fee-member/{user_id}/","clubs","club_dir,user_id","True","application/json","71280-498a468da0f5120a.js"
"POST","/api/v2/clubs/{club_dir}/fee-member/{user_id}/adjust/","clubs","club_dir,user_id","True","application/json","71280-498a468da0f5120a.js"
"POST","/api/v2/clubs/{club_dir}/fee-member/auto-pay/","clubs","club_dir","True","application/json","71280-498a468da0f5120a.js"
"GET","/api/v2/clubs/{club_dir}/fee-members/","clubs","club_dir","True",,"71280-498a468da0f5120a.js"
"GET","/api/v2/clubs/{club_dir}/fee-settings/","clubs","club_dir","True",,"71280-498a468da0f5120a.js"
"PUT","/api/v2/clubs/{club_dir}/fee-settings/","clubs","club_dir","True","application/json","71280-498a468da0f5120a.js"
"GET","/api/v2/clubs/{club_dir}/items-requests/","clubs","club_dir","True",,"71280-498a468da0f5120a.js"
"POST","/api/v2/clubs/{club_dir}/items-requests/","clubs","club_dir","True","application/json","71280-498a468da0f5120a.js"
"PUT","/api/v2/clubs/{club_dir}/items-requests/{request_id}/","clubs","club_dir,request_id","True","application/json","71280-498a468da0f5120a.js"
"GET","/api/v2/clubs/{club_dir}/members/","clubs","club_dir","True",,"71280-498a468da0f5120a.js"
"GET","/api/v2/clubs/{club_dir}/ranks/","clubs","club_dir","True",,"71280-498a468da0f5120a.js"
"DELETE","/api/v2/clubs/{club_dir}/ranks/{rank_id}/delete/","clubs","club_dir,rank_id","True",,"71280-498a468da0f5120a.js"
"PUT","/api/v2/clubs/{club_dir}/ranks/{rank_id}/edit/","clubs","club_dir,rank_id","True","application/json","71280-498a468da0f5120a.js"
"POST","/api/v2/clubs/{club_dir}/ranks/create/","clubs","club_dir","True","application/json","71280-498a468da0f5120a.js"
"POST","/api/v2/clubs/{club_dir}/regression/","clubs","club_dir","True","application/json","71280-498a468da0f5120a.js"
"DELETE","/api/v2/clubs/{dir}/","clubs","dir","True",,"71280-498a468da0f5120a.js"
"GET","/api/v2/clubs/{dir}/","clubs","dir","True",,"71280-498a468da0f5120a.js"
"POST","/api/v2/clubs/{dir}/","clubs","dir","True","application/json","71280-498a468da0f5120a.js"
"PUT","/api/v2/clubs/{dir}/","clubs","dir","True","application/json","71280-498a468da0f5120a.js"
"POST","/api/v2/clubs/{dir}/change_roles/","clubs","dir","True","application/json","71280-498a468da0f5120a.js"
"POST","/api/v2/clubs/{dir}/donate/","clubs","dir","True","application/json","71280-498a468da0f5120a.js"
"GET","/api/v2/clubs/{dir}/donate/history/","clubs","dir","True",,"71280-498a468da0f5120a.js"
"POST","/api/v2/clubs/{dir}/kick_members/","clubs","dir","True","application/json","71280-498a468da0f5120a.js"
"POST","/api/v2/clubs/{dir}/leave/","clubs","dir","True","application/json","71280-498a468da0f5120a.js"
"GET","/api/v2/clubs/{dir}/requests/","clubs","dir","True",,"71280-498a468da0f5120a.js"
"PUT","/api/v2/clubs/{dir}/requests/{id}/","clubs","dir,id","True","application/json","71280-498a468da0f5120a.js"
"GET","/api/v2/clubs/create-cost/","clubs","","True",,"71280-498a468da0f5120a.js"
"GET","/api/v2/clubs/perks/","clubs","","True",,"71280-498a468da0f5120a.js"
"GET","/api/v2/clubs/regressions/","clubs","","True",,"71280-498a468da0f5120a.js"
"GET","/api/v2/dashboard/{publisher_id}/promo/","dashboard","publisher_id","True",,"71280-498a468da0f5120a.js"
"POST","/api/v2/dashboard/{publisher_id}/promo/{promo_id}/stop/","dashboard","publisher_id,promo_id","True","application/json","71280-498a468da0f5120a.js"
"POST","/api/v2/dashboard/{publisher_id}/promo/add/","dashboard","publisher_id","True","application/json","71280-498a468da0f5120a.js"
"POST","/api/v2/dashboard/{publisher_id}/promo/admin/{promo_id}/stop/","dashboard","publisher_id,promo_id","True","application/json","71280-498a468da0f5120a.js"
"GET","/api/v2/dashboard/{publisher_id}/promo/aggregation/","dashboard","publisher_id","True",,"71280-498a468da0f5120a.js"
"GET","/api/v2/dashboard/{publisher_id}/promo/billing/","dashboard","publisher_id","True",,"71280-498a468da0f5120a.js"
"GET","/api/v2/dashboard/{publisher_id}/promo/billing/buy/","dashboard","publisher_id","True",,"71280-498a468da0f5120a.js"
"POST","/api/v2/dashboard/{publisher_id}/promo/billing/buy/","dashboard","publisher_id","True","application/json","71280-498a468da0f5120a.js"
"GET","/api/v2/dashboard/{publisher_id}/promo/statistics/{promo_id}/","dashboard","publisher_id,promo_id","True",,"71280-498a468da0f5120a.js"
"GET","/api/v2/dashboard/{publisher_id}/promo/statistics/title/{title_id}/","dashboard","publisher_id,title_id","True",,"71280-498a468da0f5120a.js"
"GET","/api/v2/entries/{entry_id}/","entries","entry_id","True",,"71280-498a468da0f5120a.js"
"GET","/api/v2/events/","events","","True",,"71280-498a468da0f5120a.js"
"GET","/api/v2/events/advent-calendar/","events","","True",,"71280-498a468da0f5120a.js"
"POST","/api/v2/events/advent-calendar/","events","","True","application/json","71280-498a468da0f5120a.js"
"GET","/api/v2/events/advent-calendar/opens/","events","","True",,"71280-498a468da0f5120a.js"
"GET","/api/v2/events/card-battle/cards/","events","","True",,"71280-498a468da0f5120a.js"
"GET","/api/v2/events/card-battle/catacombs/levels/","events","","True",,"71280-498a468da0f5120a.js"
"POST","/api/v2/events/card-battle/catacombs/levels/{level}/enter/","events","level","True","application/json","71280-498a468da0f5120a.js"
"POST","/api/v2/events/card-battle/catacombs/mini-game/{attempt_id}/resolve/","events","attempt_id","True","application/json","71280-498a468da0f5120a.js"
"GET","/api/v2/events/card-battle/catacombs/runs/","events","","True",,"71280-498a468da0f5120a.js"
"GET","/api/v2/events/card-battle/catacombs/runs/{run_id}/","events","run_id","True",,"71280-498a468da0f5120a.js"
"POST","/api/v2/events/card-battle/catacombs/scrolls/cap-raise/","events","","True","application/json","71280-498a468da0f5120a.js"
"POST","/api/v2/events/card-battle/catacombs/scrolls/enhance/","events","","True","application/json","71280-498a468da0f5120a.js"
"POST","/api/v2/events/card-battle/catacombs/scrolls/resurrect/","events","","True","application/json","71280-498a468da0f5120a.js"
"GET","/api/v2/events/card-battle/catacombs/state/","events","","True",,"71280-498a468da0f5120a.js"
"GET","/api/v2/events/card-battle/daily/","events","","True",,"71280-498a468da0f5120a.js"
"POST","/api/v2/events/card-battle/daily/{id}/claim/","events","id","True","application/json","71280-498a468da0f5120a.js"
"GET","/api/v2/events/card-battle/event-points/buy/","events","","True",,"71280-498a468da0f5120a.js"
"POST","/api/v2/events/card-battle/event-points/buy/","events","","True","application/json","71280-498a468da0f5120a.js"
"POST","/api/v2/events/card-battle/join/","events","","True","application/json","71280-498a468da0f5120a.js"
"GET","/api/v2/events/card-battle/locations/","events","","True",,"71280-498a468da0f5120a.js"
"POST","/api/v2/events/card-battle/locations/{id}/raid/","events","id","True","application/json","71280-498a468da0f5120a.js"
"GET","/api/v2/events/card-battle/potions/","events","","True",,"71280-498a468da0f5120a.js"
"POST","/api/v2/events/card-battle/potions/{id}/use/","events","id","True","application/json","71280-498a468da0f5120a.js"
"GET","/api/v2/events/card-battle/profile/","events","","True",,"71280-498a468da0f5120a.js"
"GET","/api/v2/events/card-battle/pvp/history/","events","","True",,"71280-498a468da0f5120a.js"
"GET","/api/v2/events/card-battle/pvp/leaderboard/","events","","True",,"71280-498a468da0f5120a.js"
"POST","/api/v2/events/card-battle/pvp/match/","events","","True",,"71280-498a468da0f5120a.js"
"GET","/api/v2/events/card-battle/pvp/match/{id}/","events","id","True",,"71280-498a468da0f5120a.js"
"GET","/api/v2/events/card-battle/pvp/player/{id}/","events","id","True",,"71280-498a468da0f5120a.js"
"GET","/api/v2/events/card-battle/pvp/season/","events","","True",,"71280-498a468da0f5120a.js"
"GET","/api/v2/events/card-battle/rewards/","events","","True",,"71280-498a468da0f5120a.js"
"GET","/api/v2/events/card-battle/squad/","events","","True",,"71280-498a468da0f5120a.js"
"POST","/api/v2/events/card-battle/squad/","events","","True","application/json","71280-498a468da0f5120a.js"
"POST","/api/v2/events/card-battle/squad/slot/","events","","True","application/json","71280-498a468da0f5120a.js"
"GET","/api/v2/events/dungeon-hunters/boss/","events","","True",,"71280-498a468da0f5120a.js"
"POST","/api/v2/events/dungeon-hunters/boss/{id}/attack/","events","id","True","application/json","71280-498a468da0f5120a.js"
"POST","/api/v2/events/dungeon-hunters/boss/{id}/claim-rewards/","events","id","True","application/json","71280-498a468da0f5120a.js"
"POST","/api/v2/events/dungeon-hunters/boss/{id}/enter/","events","id","True","application/json","71280-498a468da0f5120a.js"
"GET","/api/v2/events/dungeon-hunters/boss/{id}/my-chests/","events","id","True",,"71280-498a468da0f5120a.js"
"GET","/api/v2/events/dungeon-hunters/boss/{id}/state/","events","id","True",,"71280-498a468da0f5120a.js"
"GET","/api/v2/events/dungeon-hunters/boss/{id}/top/","events","id","True",,"71280-498a468da0f5120a.js"
"GET","/api/v2/events/dungeon-hunters/boss/config/","events","","True",,"71280-498a468da0f5120a.js"
"GET","/api/v2/events/dungeon-hunters/boss/my-active/","events","","True",,"71280-498a468da0f5120a.js"
"GET","/api/v2/events/dungeon-hunters/boss/top/total/clubs/","events","","True",,"71280-498a468da0f5120a.js"
"GET","/api/v2/events/dungeon-hunters/boss/top/total/users/","events","","True",,"71280-498a468da0f5120a.js"
"GET","/api/v2/events/dungeon-hunters/buy-event-points-by-balance/","events","","True",,"71280-498a468da0f5120a.js"
"POST","/api/v2/events/dungeon-hunters/buy-event-points-by-balance/","events","","True","application/json","71280-498a468da0f5120a.js"
"GET","/api/v2/events/dungeon-hunters/dungeon/","events","","True",,"71280-498a468da0f5120a.js"
"POST","/api/v2/events/dungeon-hunters/dungeon/{dungeon_id}/enter/","events","dungeon_id","True","application/json","71280-498a468da0f5120a.js"
"POST","/api/v2/events/dungeon-hunters/dungeon/runs/{dungeon_run_id}/mini-game-reward/","events","dungeon_run_id","True","application/json","71280-498a468da0f5120a.js"
"POST","/api/v2/events/dungeon-hunters/dungeon/runs/{dungeon_run_id}/reward/","events","dungeon_run_id","True","application/json","71280-498a468da0f5120a.js"
"POST","/api/v2/events/dungeon-hunters/dungeon/runs/{run_id}/cancel/","events","run_id","True","application/json","71280-498a468da0f5120a.js"
"POST","/api/v2/events/dungeon-hunters/equipment/{user_equipment_id}/equip/","events","user_equipment_id","True","application/json","71280-498a468da0f5120a.js"
"POST","/api/v2/events/dungeon-hunters/equipment/{user_equipment_id}/unequip/","events","user_equipment_id","True","application/json","71280-498a468da0f5120a.js"
"GET","/api/v2/events/dungeon-hunters/equipment/inventory/","events","","True",,"71280-498a468da0f5120a.js"
"POST","/api/v2/events/dungeon-hunters/join/","events","","True","application/json","71280-498a468da0f5120a.js"
"GET","/api/v2/events/dungeon-hunters/my-potions/","events","","True",,"71280-498a468da0f5120a.js"
"GET","/api/v2/events/dungeon-hunters/my-profile/","events","","True",,"71280-498a468da0f5120a.js"
"GET","/api/v2/events/dungeon-hunters/my-runs/","events","","True",,"71280-498a468da0f5120a.js"
"GET","/api/v2/events/dungeon-hunters/top/","events","","True",,"71280-498a468da0f5120a.js"
"GET","/api/v2/events/dungeon-hunters/top/clubs/","events","","True",,"71280-498a468da0f5120a.js"
"GET","/api/v2/events/dungeon-hunters/top/place/","events","","True",,"71280-498a468da0f5120a.js"
"POST","/api/v2/events/dungeon-hunters/use-mp-potion/","events","","True","application/json","71280-498a468da0f5120a.js"
"GET","/api/v2/events/eventpoint-balance/","events","","True",,"71280-498a468da0f5120a.js"
"POST","/api/v2/events/new-year-madness/action/","events","","True","application/json","71280-498a468da0f5120a.js"
"POST","/api/v2/events/new-year-madness/join/","events","","True","application/json","71280-498a468da0f5120a.js"
"GET","/api/v2/events/new-year-madness/snowman/progress/","events","","True",,"71280-498a468da0f5120a.js"
"GET","/api/v2/events/new-year-madness/snowman/top-users/","events","","True",,"71280-498a468da0f5120a.js"
"GET","/api/v2/events/new-year-madness/user-team/","events","","True",,"71280-498a468da0f5120a.js"
"GET","/api/v2/events/valentine_day/","events","","True",,"71280-498a468da0f5120a.js"
"POST","/api/v2/events/valentine_day/action/","events","","True","application/json","71280-498a468da0f5120a.js"
"POST","/api/v2/events/valentine_day/buy/","events","","True","application/json","71280-498a468da0f5120a.js"
"POST","/api/v2/events/valentine_day/choose/","events","","True","application/json","71280-498a468da0f5120a.js"
"GET","/api/v2/events/valentine_day/collect/","events","","True",,"71280-498a468da0f5120a.js"
"POST","/api/v2/events/valentine_day/collect/","events","","True","application/json","71280-498a468da0f5120a.js"
"GET","/api/v2/events/valentine_day/progress/","events","","True",,"71280-498a468da0f5120a.js"
"GET","/api/v2/events/valentine_day/top-users/","events","","True",,"71280-498a468da0f5120a.js"
"GET","/api/v2/events/valentine_day/top-users/me/","events","","True",,"71280-498a468da0f5120a.js"
"GET","/api/v2/events/valentine_day/user-waifu/","events","","True",,"71280-498a468da0f5120a.js"
"GET","/api/forms/coins-payments/","forms","","True",,"71280-498a468da0f5120a.js"
"GET","/api/forms/payments/","forms","","True",,"71280-498a468da0f5120a.js"
"GET","/api/v2/forum/","forum","","True",,"71280-498a468da0f5120a.js"
"POST","/api/v2/forum/","forum","","True","application/json","71280-498a468da0f5120a.js"
"GET","/api/v2/forum/{dir}/","forum","dir","True",,"71280-498a468da0f5120a.js"
"PUT","/api/v2/forum/{dir}/","forum","dir","True","application/json","71280-498a468da0f5120a.js"
"GET","/api/v2/forum/{dir}/reactions/","forum","dir","True",,"71280-498a468da0f5120a.js"
"POST","/api/v2/forum/ban/{dir}/","forum","dir","True","application/json","71280-498a468da0f5120a.js"
"GET","/api/v2/forum/search/","forum","","True",,"71280-498a468da0f5120a.js"
"GET","/api/v2/forum/tags/","forum","","True",,"71280-498a468da0f5120a.js"
"GET","/api/functions/feature-flags/user/","functions","","True",,"71280-498a468da0f5120a.js"
"GET","/api/functions/popup/","functions","","True",,"71280-498a468da0f5120a.js"
"GET","/api/functions/sliders-schemes/","functions","","True",,"71280-498a468da0f5120a.js"
"GET","/api/v2/functions/banner-sliders/","functions","","True",,"71280-498a468da0f5120a.js"
"GET","/api/inventory/{title_id}/cards/","inventory","title_id","True",,"71280-498a468da0f5120a.js"
"POST","/api/inventory/{user_id}/cards/merge/","inventory","user_id","True","application/json","71280-498a468da0f5120a.js"
"POST","/api/inventory/cards/","inventory","","True","application/json","71280-498a468da0f5120a.js"
"GET","/api/inventory/cards/{id}/","inventory","id","True",,"71280-498a468da0f5120a.js"
"PUT","/api/inventory/cards/{id}/","inventory","id","True","application/json","71280-498a468da0f5120a.js"
"GET","/api/inventory/catalog/","inventory","","True",,"71280-498a468da0f5120a.js"
"GET","/api/inventory/character/{character_id}/cards/","inventory","character_id","True",,"71280-498a468da0f5120a.js"
"PUT","/api/v2/inventory/{user_id}/cards/manage/exchangeable/","inventory","user_id","True","application/json","71280-498a468da0f5120a.js"
"PUT","/api/v2/inventory/{user_id}/cards/manage/favorite/","inventory","user_id","True","application/json","71280-498a468da0f5120a.js"
"GET","/api/v2/inventory/{user_id}/collections/","inventory","user_id","True",,"71280-498a468da0f5120a.js"
"POST","/api/v2/inventory/{user_id}/collections/","inventory","user_id","True","application/json","71280-498a468da0f5120a.js"
"GET","/api/v2/inventory/{user_id}/exchanges/","inventory","user_id","True",,"71280-498a468da0f5120a.js"
"POST","/api/v2/inventory/{user_id}/exchanges/","inventory","user_id","True","application/json","71280-498a468da0f5120a.js"
"PUT","/api/v2/inventory/{user_id}/exchanges/{id}/","inventory","user_id,id","True","application/json","71280-498a468da0f5120a.js"
"GET","/api/v2/inventory/{user_id}/rare-collections/","inventory","user_id","True",,"71280-498a468da0f5120a.js"
"GET","/api/v2/inventory/cards/{card_id}/is_locked/","inventory","card_id","True",,"71280-498a468da0f5120a.js"
"GET","/api/v2/inventory/cards/{id}/sources/","inventory","id","True",,"71280-498a468da0f5120a.js"
"GET","/api/v2/inventory/cards/{inventory_card_id}/","inventory","inventory_card_id","True",,"71280-498a468da0f5120a.js"
"GET","/api/v2/inventory/cards/album/","inventory","","True",,"71280-498a468da0f5120a.js"
"GET","/api/v2/inventory/cards/album/users/","inventory","","True",,"71280-498a468da0f5120a.js"
"POST","/api/v2/inventory/cards/awaken/","inventory","","True","application/json","71280-498a468da0f5120a.js"
"POST","/api/v2/inventory/cards/dust/","inventory","","True","application/json","71280-498a468da0f5120a.js"
"GET","/api/v2/inventory/cards/dust/exchange/","inventory","","True",,"71280-498a468da0f5120a.js"
"POST","/api/v2/inventory/cards/dust/exchange/","inventory","","True","application/json","71280-498a468da0f5120a.js"
"POST","/api/v2/inventory/cards/enhance/","inventory","","True","application/json","71280-498a468da0f5120a.js"
"POST","/api/v2/inventory/cards/full-reroll/","inventory","","True","application/json","71280-498a468da0f5120a.js"
"GET","/api/v2/inventory/cards/has_cards/","inventory","","True",,"71280-498a468da0f5120a.js"
"POST","/api/v2/inventory/cards/reroll/","inventory","","True","application/json","71280-498a468da0f5120a.js"
"DELETE","/api/v2/inventory/collections/{collection_id}/","inventory","collection_id","True",,"71280-498a468da0f5120a.js"
"GET","/api/v2/inventory/collections/{collection_id}/","inventory","collection_id","True",,"71280-498a468da0f5120a.js"
"PUT","/api/v2/inventory/collections/{collection_id}/","inventory","collection_id","True","application/json","71280-498a468da0f5120a.js"
"GET","/api/v2/inventory/collections/recent/","inventory","","True",,"71280-498a468da0f5120a.js"
"POST","/api/v2/inventory/complete-collection/{collection_id}/","inventory","collection_id","True","application/json","71280-498a468da0f5120a.js"
"GET","/api/v2/inventory/decks/","inventory","","True",,"71280-498a468da0f5120a.js"
"POST","/api/v2/inventory/decks/{deck_id}/choose/","inventory","deck_id","True","application/json","71280-498a468da0f5120a.js"
"POST","/api/v2/inventory/decks/{deck_id}/open/","inventory","deck_id","True","application/json","71280-498a468da0f5120a.js"
"GET","/api/v2/inventory/decks/awakened/","inventory","","True",,"71280-498a468da0f5120a.js"
"POST","/api/v2/inventory/decks/awakened/{deck_id}/open/","inventory","deck_id","True","application/json","71280-498a468da0f5120a.js"
"GET","/api/v2/inventory/items/cards/{user_id}/","inventory","user_id","True",,"71280-498a468da0f5120a.js"
"POST","/api/v2/inventory/items/chests/{user_chest_id}/open/","inventory","user_chest_id","True","application/json","71280-498a468da0f5120a.js"
"GET","/api/v2/inventory/items/chests/{user_id}/","inventory","user_id","True",,"71280-498a468da0f5120a.js"
"GET","/api/v2/inventory/items/customizations/{user_id}/","inventory","user_id","True",,"71280-498a468da0f5120a.js"
"GET","/api/v2/inventory/items/moments/{user_id}/","inventory","user_id","True",,"71280-498a468da0f5120a.js"
"POST","/api/v2/inventory/items/put-on/","inventory","","True","application/json","71280-498a468da0f5120a.js"
"POST","/api/v2/inventory/items/take-off/","inventory","","True","application/json","71280-498a468da0f5120a.js"
"GET","/api/v2/inventory/requests/status/","inventory","","True",,"71280-498a468da0f5120a.js"
"GET","/api/v2/inventory/upgrades/","inventory","","True",,"71280-498a468da0f5120a.js"
"POST","/api/v2/inventory/wishes/","inventory","","True","application/json","71280-498a468da0f5120a.js"
"DELETE","/api/v2/inventory/wishes/{card_id}/","inventory","card_id","True",,"71280-498a468da0f5120a.js"
"GET","/api/v2/inventory/wishes/{card_id}/","inventory","card_id","True",,"71280-498a468da0f5120a.js"
"GET","/api/v2/inventory/wishes/{card_id}/{user_id}/","inventory","card_id,user_id","True",,"71280-498a468da0f5120a.js"
"GET","/api/v2/inventory/wishes/{user_id}/has_wishes/","inventory","user_id","True",,"71280-498a468da0f5120a.js"
"GET","/api/v2/inventory/wishes/intersection/{partner_id}/","inventory","partner_id","True",,"71280-498a468da0f5120a.js"
"GET","/api/v2/inventory/wishes/users/{user_id}/","inventory","user_id","True",,"71280-498a468da0f5120a.js"
"GET","/api/v3/inventory/items/cards/{user_id}/","inventory","user_id","True",,"71280-498a468da0f5120a.js"
"GET","/api/publishers/{publisher_id}/cards/","publishers","publisher_id","True",,"71280-498a468da0f5120a.js"
"GET","/api/publishers/{publisher_id}/contract/","publishers","publisher_id","True",,"71280-498a468da0f5120a.js"
"GET","/api/publishers/contracts/{contract_id}/acts/","publishers","contract_id","True",,"71280-498a468da0f5120a.js"
"GET","/api/v2/publishers/{dir}/members/","publishers","dir","True",,"71280-498a468da0f5120a.js"
"GET","/api/v2/publishers/{publisher_dir}/","publishers","publisher_dir","True",,"71280-498a468da0f5120a.js"
"GET","/api/v2/publishers/{publisher_id}/withdraw/","publishers","publisher_id","True",,"71280-498a468da0f5120a.js"
"GET","/api/v2/publishers/invitations/","publishers","","True",,"71280-498a468da0f5120a.js"
"POST","/api/v2/publishers/invitations/","publishers","","True","application/json","71280-498a468da0f5120a.js"
"DELETE","/api/v2/publishers/invitations/{invitation_id}/","publishers","invitation_id","True",,"71280-498a468da0f5120a.js"
"PUT","/api/v2/publishers/invitations/{invitation_id}/","publishers","invitation_id","True","application/json","71280-498a468da0f5120a.js"
"GET","/api/v2/quizzes/","quizzes","","True",,"71280-498a468da0f5120a.js"
"POST","/api/v2/quizzes/","quizzes","","True","application/json","71280-498a468da0f5120a.js"
"DELETE","/api/v2/quizzes/{quiz_id}/","quizzes","quiz_id","True",,"71280-498a468da0f5120a.js"
"GET","/api/v2/quizzes/{quiz_id}/","quizzes","quiz_id","True",,"71280-498a468da0f5120a.js"
"PUT","/api/v2/quizzes/{quiz_id}/","quizzes","quiz_id","True","application/json","71280-498a468da0f5120a.js"
"POST","/api/v2/quizzes/{quiz_id}/answers/","quizzes","quiz_id","True","application/json","71280-498a468da0f5120a.js"
"POST","/api/v2/quizzes/{quiz_id}/ban/","quizzes","quiz_id","True","application/json","71280-498a468da0f5120a.js"
"POST","/api/v2/quizzes/{quiz_id}/recover/","quizzes","quiz_id","True","application/json","71280-498a468da0f5120a.js"
"GET","/api/v2/quizzes/{quiz_id}/users/{option_id}/","quizzes","quiz_id,option_id","True",,"71280-498a468da0f5120a.js"
"GET","/api/v2/quizzes/statistics/","quizzes","","True",,"71280-498a468da0f5120a.js"
"GET","/api/v2/search/characters/catalog/","search","","True",,"71280-498a468da0f5120a.js"
"GET","/api/v2/shop/","shop","","True",,"71280-498a468da0f5120a.js"
"POST","/api/v2/shop/buy/{id}/","shop","id","True","application/json","71280-498a468da0f5120a.js"
"GET","/api/v2/shop/decks/awakened/","shop","","True",,"71280-498a468da0f5120a.js"
"GET","/api/v2/shop/decks/awakened/{id}/","shop","id","True",,"71280-498a468da0f5120a.js"
"GET","/api/v2/subscription/","subscription","","True",,"71280-498a468da0f5120a.js"
"POST","/api/v2/subscription/trial/","subscription","","True","application/json","71280-498a468da0f5120a.js"
"GET","/api/v2/titles/{title_dir}/","titles","title_dir","True",,"71280-498a468da0f5120a.js"
"GET","/api/v2/titles/{title_id}/my-progress/","titles","title_id","True",,"71280-498a468da0f5120a.js"
"POST","/api/v2/titles/{title_id}/my-progress/","titles","title_id","True","application/json","71280-498a468da0f5120a.js"
"GET","/api/v2/titles/characters/{id}/","titles","id","True",,"71280-498a468da0f5120a.js"
"GET","/api/v2/titles/collections/","titles","","True",,"71280-498a468da0f5120a.js"
"POST","/api/v2/titles/collections/","titles","","True","application/json","71280-498a468da0f5120a.js"
"DELETE","/api/v2/titles/collections/{id}/","titles","id","True",,"71280-498a468da0f5120a.js"
"GET","/api/v2/titles/collections/{id}/","titles","id","True",,"71280-498a468da0f5120a.js"
"PUT","/api/v2/titles/collections/{id}/","titles","id","True","application/json","71280-498a468da0f5120a.js"
"GET","/api/v2/titles/moments/","titles","","True",,"71280-498a468da0f5120a.js"
"POST","/api/v2/titles/moments/","titles","","True","application/json","71280-498a468da0f5120a.js"
"DELETE","/api/v2/titles/moments/{moment_dir}/","titles","moment_dir","True",,"71280-498a468da0f5120a.js"
"GET","/api/v2/titles/moments/{moment_dir}/","titles","moment_dir","True",,"71280-498a468da0f5120a.js"
"POST","/api/v2/titles/moments/{moment_dir}/view/","titles","moment_dir","True","application/json","71280-498a468da0f5120a.js"
"GET","/api/v2/titles/moments/catalog/","titles","","True",,"71280-498a468da0f5120a.js"
"GET","/api/v2/titles/moments/tags/","titles","","True",,"71280-498a468da0f5120a.js"
"GET","/api/v3/titles/","titles","","True",,"71280-498a468da0f5120a.js"
"DELETE","/api/users/bookmarks/","users","","True",,"71280-498a468da0f5120a.js"
"POST","/api/users/bookmarks/","users","","True","application/json","71280-498a468da0f5120a.js"
"POST","/api/users/login/","users","","True","application/json","71280-498a468da0f5120a.js"
"POST","/api/users/password-reset/","users","","True","application/json","71280-498a468da0f5120a.js"
"PUT","/api/users/password-reset/","users","","True","application/json","71280-498a468da0f5120a.js"
"POST","/api/users/signup/","users","","True","application/json","71280-498a468da0f5120a.js"
"POST","/api/users/social/","users","","True","application/json","71280-498a468da0f5120a.js"
"GET","/api/v2/users/{user_id}/","users","user_id","True",,"71280-498a468da0f5120a.js"
"GET","/api/v2/users/{user_id}/achievements/","users","user_id","True",,"71280-498a468da0f5120a.js"
"GET","/api/v2/users/{user_id}/badges/","users","user_id","True",,"71280-498a468da0f5120a.js"
"GET","/api/v2/users/{user_id}/bookmarks/","users","user_id","True",,"71280-498a468da0f5120a.js"
"PUT","/api/v2/users/{user_id}/bookmarks/","users","user_id","True","application/json","71280-498a468da0f5120a.js"
"GET","/api/v2/users/{user_id}/clubs/","users","user_id","True",,"71280-498a468da0f5120a.js"
"GET","/api/v2/users/{user_id}/history/","users","user_id","True",,"71280-498a468da0f5120a.js"
"DELETE","/api/v2/users/{user_id}/history/delete/","users","user_id","True",,"71280-498a468da0f5120a.js"
"GET","/api/v2/users/{user_id}/results/","users","user_id","True",,"71280-498a468da0f5120a.js"
"DELETE","/api/v2/users/{user_id}/user_bookmarks/","users","user_id","True",,"71280-498a468da0f5120a.js"
"GET","/api/v2/users/{user_id}/user_bookmarks/","users","user_id","True",,"71280-498a468da0f5120a.js"
"POST","/api/v2/users/{user_id}/user_bookmarks/","users","user_id","True","application/json","71280-498a468da0f5120a.js"
"PUT","/api/v2/users/{user_id}/user_bookmarks/","users","user_id","True","application/json","71280-498a468da0f5120a.js"
"PUT","/api/v2/users/achievements/update/","users","","True","application/json","71280-498a468da0f5120a.js"
"GET","/api/v2/users/badges/{badge_id}/","users","badge_id","True",,"71280-498a468da0f5120a.js"
"GET","/api/v2/users/badges/{badge_id}/owners/","users","badge_id","True",,"71280-498a468da0f5120a.js"
"PUT","/api/v2/users/badges/update/","users","","True","application/json","71280-498a468da0f5120a.js"
"GET","/api/v2/users/bans/","users","","True",,"71280-498a468da0f5120a.js"
"GET","/api/v2/users/black-list/","users","","True",,"71280-498a468da0f5120a.js"
"POST","/api/v2/users/black-list/","users","","True","application/json","71280-498a468da0f5120a.js"
"DELETE","/api/v2/users/black-list/{block_id}/","users","block_id","True",,"71280-498a468da0f5120a.js"
"PUT","/api/v2/users/black-list/{block_id}/","users","block_id","True","application/json","71280-498a468da0f5120a.js"
"DELETE","/api/v2/users/current/","users","","True",,"71280-498a468da0f5120a.js"
"GET","/api/v2/users/current/","users","","True",,"71280-498a468da0f5120a.js"
"PUT","/api/v2/users/current/","users","","True","application/json","71280-498a468da0f5120a.js"
"GET","/api/v2/users/current/notify-settings/","users","","True",,"71280-498a468da0f5120a.js"
"POST","/api/v2/users/current/tour-reward/","users","","True","application/json","71280-498a468da0f5120a.js"
"POST","/api/v2/users/email-change/","users","","True","application/json","71280-498a468da0f5120a.js"
"GET","/api/v2/users/have-card/{card_id}/","users","card_id","True",,"71280-498a468da0f5120a.js"
"GET","/api/v2/users/my-recommendations/","users","","True",,"71280-498a468da0f5120a.js"
"GET","/api/v2/users/notifications/","users","","True",,"71280-498a468da0f5120a.js"
"POST","/api/v2/users/notifications/delete/","users","","True","application/json","71280-498a468da0f5120a.js"
"POST","/api/v2/users/notifications/set-read/","users","","True","application/json","71280-498a468da0f5120a.js"
"GET","/api/v2/users/notifications/summary-by-title/","users","","True",,"71280-498a468da0f5120a.js"
"GET","/api/v2/users/notifications/summary-by-type/","users","","True",,"71280-498a468da0f5120a.js"
"GET","/api/v2/users/notifications/summary-total/","users","","True",,"71280-498a468da0f5120a.js"
"POST","/api/v2/users/password-change/","users","","True","application/json","71280-498a468da0f5120a.js"
"PUT","/api/v2/users/publishers-order/","users","","True","application/json","71280-498a468da0f5120a.js"
"GET","/api/v2/users/requests/","users","","True",,"71280-498a468da0f5120a.js"
"GET","/api/v2/users/requests/{id}/","users","id","True",,"71280-498a468da0f5120a.js"
"PUT","/api/v2/users/requests/{id}/cancel/","users","id","True","application/json","71280-498a468da0f5120a.js"
"POST","/api/v2/users/set-email/","users","","True","application/json","71280-498a468da0f5120a.js"
"POST","/api/v2/users/social/vk/","users","","True","application/json","71280-498a468da0f5120a.js"
"POST","/api/v2/users/social/vk/bind/","users","","True","application/json","71280-498a468da0f5120a.js"
"GET","/api/v2/users/tickets/","users","","True",,"71280-498a468da0f5120a.js"
"GET","/api/v2/users/top/","users","","True",,"71280-498a468da0f5120a.js"
"GET","/api/v2/users/top/place/","users","","True",,"71280-498a468da0f5120a.js"
